Blockno,DateTime (UTC),Parent Transaction Hash,Status,Type,From,From_Nametag,To,To_Nametag,Amount,Value (USD)
"6629967","2024-09-04 07:09:48","0xe2fda95fcccdb1f03f0d15c70f10e7f79b1fa05f27e272645377a31a9033a0ee","Success","call","0x793eedff1f64dfae65e47bb310c1bd89d889ef94","","0xac6a87c681a5ed4cb58bc4fa7bf81a83b928c83c","","0.2 ETH","$0.00"
"","","0x88128bc6eeb07cad05ba9993a6c7e29b0906fdd3a341e7edb732e2e87a3ea2cf","Success","call","0x56bc9827610ef2da23ae7d3eea1e1cc16a136ec4","","0x7a0db8c51432d2c3eb4e8f360a2eeb26ff2809fb","","0.2 ETH","$0.00"
"","","0x88128bc6eeb07cad05ba9993a6c7e29b0906fdd3a341e7edb732e2e87a3ea2cf","Success","call","0x2b227a603faadb3de0ed050b63add232b5f2c28c","","0x56bc9827610ef2da23ae7d3eea1e1cc16a136ec4","","0.2 ETH","$0.00"
"","","0xd053322ecf8e87006603cc6b29f6ecfc7f19aafdf846284b1a1565cd784493ef","Success","call","0x5f5a404a5edabcdd80db05e8e54a78c9ebf000c2","","0x6d62bb6877d5695a262ac4f312b01d8a9129a87b","","0.0001 ETH","$0.00"
"","","0xd053322ecf8e87006603cc6b29f6ecfc7f19aafdf846284b1a1565cd784493ef","Success","call","0x0184245d202724dc28a2b688952cb56c882c226f","","0x5f5a404a5edabcdd80db05e8e54a78c9ebf000c2","","0.0001 ETH","$0.00"
"","","0xd053322ecf8e87006603cc6b29f6ecfc7f19aafdf846284b1a1565cd784493ef","Success","call","0x65ea1489741a5d72ffdd8e6485b216bbdcc15af3","","0x0184245d202724dc28a2b688952cb56c882c226f","","0.0001 ETH","$0.00"
"","","0xec4a3c63780c82eb36c40558f6bf12d51e257f8d21b5f19114e22b996ff75aa6","Success","call","0x58cc85b8d04ea49cc6dbd3cbffd00b4b8d6cb3ef","","0x16fc5058f25648194471939df75cf27a2fdc48bc","","0.05 ETH","$0.00"
"","","0xec4a3c63780c82eb36c40558f6bf12d51e257f8d21b5f19114e22b996ff75aa6","Success","call","0xfbb0621e0b23b5478b630bd55a5f21f67730b0f1","","0x58cc85b8d04ea49cc6dbd3cbffd00b4b8d6cb3ef","","0.05 ETH","$0.00"
"","","0xc83d5e9d2301d0e30bfb70ba59a7e06bff4cc4c2e44ee1dc757ccad4f7f5a6ff","Success","call","0xd600d94d0812f7edfa47d0cf02a767b1dd14a01b","","0xc6783eb192f655da617f1a1dc54894ed10e08b60","","0.00021 ETH","$0.00"
"","","0xf2aeabeff39f67e156d3dbfc4dea8c31fe9ceec2aadeb502f22f62211ace98f1","Success","call","0x5ff137d4b0fdcd49dca30c7cf57e578a026d2789","","0x1e6754b227c6ae4b0ca61d82f79d60660737554a","","0.00337806396510009 ETH","$0.00"
"","","0x2559516e118a4e319517616a131a0ff7fa5c7ac92ac094478469c7d22f17c221","Success","call","0x5ff137d4b0fdcd49dca30c7cf57e578a026d2789","","0xd44a59e1e333430ab20d330cad9c5800a3317d2b","","0.0047509598802606 ETH","$0.00"
"","","0x2559516e118a4e319517616a131a0ff7fa5c7ac92ac094478469c7d22f17c221","Success","call","0x019b8a5f3ffe6234be493b6c9efe09195ab7ea33","","0x26280ec2fa5e4987520e4c84d55b7320f1f3c4ce","","0.002777777777777777 ETH","$0.00"
"","","0xae280963b6f5636acae94b47861876de0d2b7290e9674b05522de6c219af2953","Success","call","0x669c6cf087a0127e8e7c483a58538a8ec0532382","","0x6bed0aab296f682091f6a11ba27ef797b630abc6","","0.5 ETH","$0.00"
"","","0xae280963b6f5636acae94b47861876de0d2b7290e9674b05522de6c219af2953","Success","call","0xce1feb50f9853909e5ee4776777f457955e6f1be","","0xdd24f84d36bf92c65f92307595335bdfab5bbd21","","1 wei","$0.00"
"","","0xae280963b6f5636acae94b47861876de0d2b7290e9674b05522de6c219af2953","Success","call","0x669c6cf087a0127e8e7c483a58538a8ec0532382","","0xce1feb50f9853909e5ee4776777f457955e6f1be","","1 wei","$0.00"
"","","0xcb5d021d69c3c0c1e2fa40ba77e380196382ecaf74ffff38e62af8171d1e58d2","Success","call","0x5ff137d4b0fdcd49dca30c7cf57e578a026d2789","","0x75727f24665a23f862161297870798056eb61db1","","0.004754593082543843 ETH","$0.00"
"","","0xcb5d021d69c3c0c1e2fa40ba77e380196382ecaf74ffff38e62af8171d1e58d2","Success","call","0x07b417ddd989df28ac099d4f9def7852e528a29a","","0x26280ec2fa5e4987520e4c84d55b7320f1f3c4ce","","0.00001 ETH","$0.00"
"","","0x8900edf77bd5b8f81e3d13e04779f6aaa982682f00a4373b01972ea61c931880","Success","call","0x793eedff1f64dfae65e47bb310c1bd89d889ef94","","0xac6a87c681a5ed4cb58bc4fa7bf81a83b928c83c","","0.0043 ETH","$0.00"
"","","0x6407c3b7e0a9334b46185c415d04c1de7aa3e94f50e2828028a46b3f9d237f61","Success","call","0x793eedff1f64dfae65e47bb310c1bd89d889ef94","","0xac6a87c681a5ed4cb58bc4fa7bf81a83b928c83c","","0.01 ETH","$0.00"
"","","0x82973fad57abb418a7d07548a543edbe9d1ead49a2bd7eb9a1ae061eed555f78","Success","call","0xd600d94d0812f7edfa47d0cf02a767b1dd14a01b","","0xc6783eb192f655da617f1a1dc54894ed10e08b60","","0.01011 ETH","$0.00"
"","","0x6fe837de9ab0b27380b8bc244017bb8a3022df762301f02b4edbd5d1879fea80","Success","call","0xd600d94d0812f7edfa47d0cf02a767b1dd14a01b","","0xc6783eb192f655da617f1a1dc54894ed10e08b60","","0.00111 ETH","$0.00"
"","","0x156c419331d885ab7dd4e6557a765b5890a5cd34544b53825c147762fc877aa7","Success","call","0xd600d94d0812f7edfa47d0cf02a767b1dd14a01b","","0xc6783eb192f655da617f1a1dc54894ed10e08b60","","0.00111 ETH","$0.00"
"","","0x8a01ac102a357969ab8415fea43046b192430ac5bed3805b818796883d67d795","Success","call","0x0184245d202724dc28a2b688952cb56c882c226f","","0x65ea1489741a5d72ffdd8e6485b216bbdcc15af3","","0.001 ETH","$0.00"
"","","0x8a01ac102a357969ab8415fea43046b192430ac5bed3805b818796883d67d795","Success","call","0x5f5a404a5edabcdd80db05e8e54a78c9ebf000c2","","0x0184245d202724dc28a2b688952cb56c882c226f","","0.001 ETH","$0.00"
"6629966","2024-09-04 07:09:36","0x4246cae8207423b4f32f5a3afc332fe2a9fa965757d785cd454855fcc7968922","Success","call","0x0184245d202724dc28a2b688952cb56c882c226f","","0x65ea1489741a5d72ffdd8e6485b216bbdcc15af3","","0.001 ETH","$0.00"
"","","0x4246cae8207423b4f32f5a3afc332fe2a9fa965757d785cd454855fcc7968922","Success","call","0x5f5a404a5edabcdd80db05e8e54a78c9ebf000c2","","0x0184245d202724dc28a2b688952cb56c882c226f","","0.001 ETH","$0.00"
"","","0x7e63d2d1ca26bcf909185f610f928315b1243d036414c09474ab820ef46c33ee","Success","call","0x0184245d202724dc28a2b688952cb56c882c226f","","0x65ea1489741a5d72ffdd8e6485b216bbdcc15af3","","0.088 ETH","$0.00"
"","","0x7e63d2d1ca26bcf909185f610f928315b1243d036414c09474ab820ef46c33ee","Success","call","0x5f5a404a5edabcdd80db05e8e54a78c9ebf000c2","","0x0184245d202724dc28a2b688952cb56c882c226f","","0.088 ETH","$0.00"
"","","0xa78a28b00b45b06332f6d59cf3917ab4249e627d53dc113794b60d94c2d6ff58","Success","call","0xfff9976782d46cc05630d1f6ebab18b2324d6b14","","0xcae039c6f1d2c5296cfc37fb4669777a300433ba","","0.000644375514415711 ETH","$0.00"
"","","0x375c60c9c357db3885957016f4737015f1b55f832f53c72705dc5f4fa3c0d141","Success","call","0x0184245d202724dc28a2b688952cb56c882c226f","","0x65ea1489741a5d72ffdd8e6485b216bbdcc15af3","","0.00187 ETH","$0.00"
"","","0x375c60c9c357db3885957016f4737015f1b55f832f53c72705dc5f4fa3c0d141","Success","call","0x5f5a404a5edabcdd80db05e8e54a78c9ebf000c2","","0x0184245d202724dc28a2b688952cb56c882c226f","","0.00187 ETH","$0.00"
"","","0xd529451e4a175b6909971c0946191663d32f2481680713392340e475bdb48b76","Success","call","0x0184245d202724dc28a2b688952cb56c882c226f","","0x65ea1489741a5d72ffdd8e6485b216bbdcc15af3","","0.003 ETH","$0.00"
"","","0xd529451e4a175b6909971c0946191663d32f2481680713392340e475bdb48b76","Success","call","0x5f5a404a5edabcdd80db05e8e54a78c9ebf000c2","","0x0184245d202724dc28a2b688952cb56c882c226f","","0.003 ETH","$0.00"
"","","0x6a7e5abfb16ca57781422e9b7c8355bcb6fc64b70d51834fbb558fed740efc23","Success","call","0x5f5a404a5edabcdd80db05e8e54a78c9ebf000c2","","0xb4ecfb366bc89f41d2af4447ccf8067c6c8276ca","","0.0001 ETH","$0.00"
"","","0x6a7e5abfb16ca57781422e9b7c8355bcb6fc64b70d51834fbb558fed740efc23","Success","call","0x0184245d202724dc28a2b688952cb56c882c226f","","0x5f5a404a5edabcdd80db05e8e54a78c9ebf000c2","","0.0001 ETH","$0.00"
"","","0x6a7e5abfb16ca57781422e9b7c8355bcb6fc64b70d51834fbb558fed740efc23","Success","call","0x65ea1489741a5d72ffdd8e6485b216bbdcc15af3","","0x0184245d202724dc28a2b688952cb56c882c226f","","0.0001 ETH","$0.00"
"","","0x0f827b4d48f01f8d11d80af0a50e3478bc6ee76366cc4e7d6f15b9ea53e61473","Success","call","0x5ff137d4b0fdcd49dca30c7cf57e578a026d2789","","0x722606eb3bda03e80c5ed747732dac00b8cde824","","0.004846741511926914 ETH","$0.00"
"","","0x0f827b4d48f01f8d11d80af0a50e3478bc6ee76366cc4e7d6f15b9ea53e61473","Success","call","0xc93fa3f6a008ff830c714fdfbbf06eb00ac89036","","0x26280ec2fa5e4987520e4c84d55b7320f1f3c4ce","","0.00122 ETH","$0.00"
"","","0x7211e27bc9bfae026b8c7d5720633bcb7a6a5301355cfc2178f2711c50bff4b2","Success","call","0x9bcccf1d222539c4c47e4c6f5749e4d5fa33215c","","0xb6f9579980ae46f61217a99145645341e49e2516","","0.002 ETH","$0.00"
"","","0x7211e27bc9bfae026b8c7d5720633bcb7a6a5301355cfc2178f2711c50bff4b2","Success","call","0xc94b1bee63a3e101fe5f71c80f912b4f4b055925","","0x9bcccf1d222539c4c47e4c6f5749e4d5fa33215c","","0.002 ETH","$0.00"
"","","0x27192da4254cb212a1c19b0e83c1befaed804b59b73becf4ead69d744056cabe","Success","call","0x5ff137d4b0fdcd49dca30c7cf57e578a026d2789","","0xc89d07ecb919103e37945c22474e982cb2616ba3","","0.004862264379938802 ETH","$0.00"
"","","0x27192da4254cb212a1c19b0e83c1befaed804b59b73becf4ead69d744056cabe","Success","call","0x104fb16f8d58fdbd131d55185a49aed1842038e6","","0x26280ec2fa5e4987520e4c84d55b7320f1f3c4ce","","0.002777777777777777 ETH","$0.00"
"","","0x04d09781a04760d5acd6bceb9bb26aa3dad6dd2eacb00e99bb26054aa2f7c32e","Success","call","0x3e2e3f4f24eddd9d6968b7b88f1bf408fc9fefd6","","0x13c706e7f727d88d381b35c27e687a03757277fd","","0.03 ETH","$0.00"
"","","0x8c5a7573041aba1d58ae8ed4f2416decb96af7cfe6e495a72798ae241991bff3","Success","create2","0x000000006551c19487814612e58fe06813775758","","0xbe74eaa598b921130be0795cfba06be4e0eb310a","","0 ETH","$0.00"
"","","0x43c8f56b1f47838ba07505f554e9a0878813cbb8dee886e1880274f08e8ef6da","Success","call","0x5ff137d4b0fdcd49dca30c7cf57e578a026d2789","","0x204a72835ed0ce927a5a663adebad3d86445d477","","0.007004068293699631 ETH","$0.00"
"","","0x43c8f56b1f47838ba07505f554e9a0878813cbb8dee886e1880274f08e8ef6da","Success","call","0x1367e4a173d67333d903b96031e03f493947bb0a","","0x7ef21007d48fcae4c6b6a6055afcb2afe51cc287","","0.001 ETH","$0.00"
"","","0x43c8f56b1f47838ba07505f554e9a0878813cbb8dee886e1880274f08e8ef6da","Success","call","0x26280ec2fa5e4987520e4c84d55b7320f1f3c4ce","","0x1367e4a173d67333d903b96031e03f493947bb0a","","0.001 ETH","$0.00"
"","","0xadfb875fc7f40ac667658d0f5e719fa3d3f02adbedc46f5c8340e05b779e94d2","Success","call","0x9bcccf1d222539c4c47e4c6f5749e4d5fa33215c","","0xb6f9579980ae46f61217a99145645341e49e2516","","0.002 ETH","$0.00"
"","","0xadfb875fc7f40ac667658d0f5e719fa3d3f02adbedc46f5c8340e05b779e94d2","Success","call","0xc94b1bee63a3e101fe5f71c80f912b4f4b055925","","0x9bcccf1d222539c4c47e4c6f5749e4d5fa33215c","","0.002 ETH","$0.00"
"","","0xdf8423bd05be195ec657f3c6c028df63654deb4db43805bb99f0588542930de6","Success","call","0x5ff137d4b0fdcd49dca30c7cf57e578a026d2789","","0x529565b3fe0a03ff81f52f8e53b9fa8812f436d9","","0.011487243897955868 ETH","$0.00"